book_id,title,rating,category_name
4,Sharp Objects,4,Mystery
5,Sapiens: A Brief History of Humankind,5,History
7,The Dirty Little Secrets of Getting Your Dream Job,4,Business
9,The Boys in the Boat: Nine Americans and Their Epic Quest for Gold at the 1936 Berlin Olympics,4,Default
12,Shakespeare's Sonnets,4,Poetry
13,Set Me Free,5,Young Adult
14,Scott Pilgrim's Precious Little Life (Scott Pilgrim #1),5,Sequential Art
15,Rip it Up and Start Again,5,Music
24,Chase Me (Paris Nights #2),5,Romance
25,Black Dust,5,Romance
29,Worlds Elsewhere: Journeys Around Shakespeare’s Globe,5,Nonfiction
30,Wall and Piece,4,Art
31,The Four Agreements: A Practical Guide to Personal Freedom,5,Spirituality
33,The Elephant Tree,5,Thriller
35,Sophie's World,5,Philosophy
39,Behind Closed Doors,4,Thriller
43,Private Paris (Private #10),5,Fiction
44,#HigherSelfie: Wake Up Your Life. Free Your Soul. Find Your Tribe.,5,Nonfiction
47,"We Love You, Charlie Freeman",5,Fiction
48,Untitled Collection: Sabbath Poems 2014,4,Poetry
49,"Unseen City: The Majesty of Pigeons, the Discreet Charm of Snails & Other Wonders of the Urban Wilderness",4,Nonfiction
54,This One Summer,4,Sequential Art
55,Thirst,5,Fiction
59,The Past Never Ends,4,Mystery
61,The Nameless City (The Nameless City #1),4,Sequential Art
63,The Most Perfect Thing: Inside (and Outside) a Bird's Egg,4,Science
64,"The Mindfulness and Acceptance Workbook for Anxiety: A Guide to Breaking Free from Anxiety, Phobias, and Worry Using Acceptance and Commitment Therapy",4,Add a comment
66,"The Inefficiency Assassin: Time Management Tactics for Working Smarter, Not Longer",5,Default
69,The Death of Humanity: and the Case for Life,4,Philosophy
73,The Activist's Tao Te Ching: Ancient Advice for a Modern Revolution,5,Spirituality
74,Spark Joy: An Illustrated Master Class on the Art of Organizing and Tidying Up,4,Nonfiction
81,"Princess Jellyfish 2-in-1 Omnibus, Vol. 01 (Princess Jellyfish 2-in-1 Omnibus #1)",5,Sequential Art
82,Princess Between Worlds (Wide-Awake Princess #5),5,Fantasy
86,"Outcast, Vol. 1: A Darkness Surrounds Him (Outcast #1)",4,Sequential Art
93,"Mama Tried: Traditional Italian Cooking for the Screwed, Crude, Vegan, and Tattooed",4,Food and Drink
99,Join,5,Science Fiction
100,In the Country We Love: My Family Divided,4,Nonfiction
